Job ID,Job URL,Job Title,Company Name,Status,Timestamp,WP ID
77f04922fc4645a9,https://iq.linkedin.com/jobs/view/ran-20-7-billion-tokens-on-one-subscription-and-still-felt-behind-at-byte-sized-news-4436318398,Ran 20.7 billion tokens on one subscription and still felt behind,,scraped,2026-07-07T00:43:18.487972,
d328a52254e44b2c,https://iq.linkedin.com/jobs/view/driver-at-sardar-group-4437191698,Driver,,scraped,2026-07-07T00:44:28.062237,
c805fb6ba8a56aef,https://iq.linkedin.com/jobs/view/kitchen-steward-at-slemani-rotana-4433788948,Kitchen Steward,Slemani Rotana,posted,2026-07-07T00:44:45.458330,19
2daedac1d48fc56e,https://iq.linkedin.com/jobs/view/junior-pr-gr-at-sardar-group-4437194774,Junior PR & GR,,scraped,2026-07-07T00:44:48.041975,
aca89a40be5b6745,https://iq.linkedin.com/jobs/view/esh-specialist-lead-at-v2x-inc-4436280035,ESH Specialist Lead,V2X Inc,posted,2026-07-07T00:45:01.888902,21
f9031fa0cf3797d0,https://iq.linkedin.com/jobs/view/radiology-technician-iraq-at-international-sos-government-medical-services-4435850028,Radiology Technician (Iraq),,scraped,2026-07-07T00:45:04.438045,
a9873f013e7c5d69,https://iq.linkedin.com/jobs/view/tailor-at-erbil-rotana-4433931673,Tailor,,scraped,2026-07-07T00:45:10.981211,
f991b00be5718486,https://iq.linkedin.com/jobs/view/computer-systems-analyst-i-erbil-iraq-at-amentum-4432499646,"Computer Systems Analyst I - Erbil, Iraq",Amentum,posted,2026-07-07T00:45:24.687278,23
da796479c42f67b3,https://iq.linkedin.com/jobs/view/ptw-coordinator-at-iota-group-4437189687,PTW Coordinator,,scraped,2026-07-07T00:45:27.297337,
7d0dac22a75f670a,https://iq.linkedin.com/jobs/view/hr-specialist-baghdad-plant-at-coca-cola-cci-4433794634,"HR Specialist, Baghdad Plant",Coca-Cola İçecek,posted,2026-07-07T00:46:18.759632,25
a3b244ea8f542a41,https://iq.linkedin.com/jobs/view/business-development-manager-at-brand-aid-marketing-solutions-4433755290,Business Development Manager,,scraped,2026-07-07T00:46:21.386616,
48f413a855b97500,https://iq.linkedin.com/jobs/view/mobility-vn-programme-coordinator-durable-solutions-p-at-iom-un-migration-4435540051,Mobility VN: Programme Coordinator (Durable Solutions) (P),IOM - UN Migration,posted,2026-07-07T00:47:43.526537,27
ce6e739c295fe126,https://iq.linkedin.com/jobs/view/account-manager-at-brand-aid-marketing-solutions-4433737844,Account Manager,,scraped,2026-07-07T00:47:46.131912,
981ba3063a35dfff,https://iq.linkedin.com/jobs/view/btl-marketing-specialist-%E2%80%93-iraq-baghdad-4433152376,BTL Marketing Specialist – Iraq (Baghdad),Haier Electronics Middle East FZE,posted,2026-07-07T00:47:59.145901,29
68d090afce3417ed,https://iq.linkedin.com/jobs/view/procurement-manager-at-kinetic-business-solutions-4433937551,Procurement Manager,,scraped,2026-07-07T00:48:01.824496,
bba61c7af23a650c,https://iq.linkedin.com/jobs/view/head-housekeeping-supervisor-at-erbil-arjaan-4355960613,Head Housekeeping Supervisor,,scraped,2026-07-07T00:48:09.248485,
e98bef138c93bc13,https://iq.linkedin.com/jobs/view/human-resources-officer-at-gulftainer-4433181824,Human Resources Officer,,scraped,2026-07-07T00:48:15.573456,
c4b552056f0b70d5,https://iq.linkedin.com/jobs/view/dean-college-of-pharmacy-%E2%80%93-expat-at-american-university-of-iraq-baghdad-4269706048,"Dean, College of Pharmacy – Expat",الجامعة الأمريكية في بغداد AUIB,posted,2026-07-07T00:49:38.169386,31
04fca63ae7f20477,https://iq.linkedin.com/jobs/view/credit-card-inquiry-senior-associate-at-national-bank-of-iraq-4434628337,Credit Card Inquiry Senior Associate,National Bank of Iraq,posted,2026-07-07T00:49:51.251929,33
5900b48ffd1fa926,https://iq.linkedin.com/jobs/view/business-development-manager-iraq-at-traze-4398002961,Business Development Manager- Iraq,,scraped,2026-07-07T00:49:53.880815,
1d9098b6088e3669,https://iq.linkedin.com/jobs/view/ecommerce-manager-at-master-store-4431930581,Ecommerce Manager,,scraped,2026-07-07T00:50:00.801753,
f2dbc1bad87785fa,https://iq.linkedin.com/jobs/view/sales-representative-at-ziyut-al-adaa-4436212252,Sales Representative,,scraped,2026-07-07T00:50:06.798360,
831a744a4a343d08,https://iq.linkedin.com/jobs/view/tax-and-legal-services-graduate-programme-iraq-sept-2026-at-pwc-middle-east-4437486408,"Tax and Legal Services, Graduate Programme - Iraq (Sept 2026)",PwC Middle East,posted,2026-07-07T00:50:22.090367,35
dc683404d56a5fe6,https://iq.linkedin.com/jobs/view/field-service-engineer-at-atlas-copco-4367387881,Field Service Engineer,,scraped,2026-07-07T00:50:24.419933,
4307a1038410d516,https://iq.linkedin.com/jobs/view/operations-supervisor-at-iraq-mall-4433792313,Operations Supervisor,Iraq Mall,posted,2026-07-07T00:50:38.108432,37
fd1329af724b512e,https://iq.linkedin.com/jobs/view/machinery-truck-sales-specialist-erbil-iraq-at-sany-iraq-4432725100,"Machinery & Truck Sales Specialist - Erbil, Iraq",,scraped,2026-07-07T00:50:40.727757,
8a02818f0028d7e7,https://iq.linkedin.com/jobs/view/chief-commercial-officer-at-iraqi-jobs-4436039240,Chief Commercial Officer,iraqi-jobs,posted,2026-07-07T00:51:57.916146,39
2842974d4ee710d2,https://iq.linkedin.com/jobs/view/iraq-account-manager-at-sungrow-mena-central-asia-4437154030,Iraq Account Manager,,scraped,2026-07-07T00:52:00.574394,
a063dba090467c7b,https://iq.linkedin.com/jobs/view/general-manager-at-future-fingerprint-4433936743,General Manager,Future Fingerprint,posted,2026-07-07T00:53:18.501560,41
26409888cb29c20b,https://iq.linkedin.com/jobs/view/information-security-and-cybersecurity-manager-4431903775,Information Security and Cybersecurity Manager,Commercial Islamic Bank of Iraq,posted,2026-07-07T00:53:26.179647,43
fb75e64d1c7849d8,https://iq.linkedin.com/jobs/view/eoi-mobility-supply-chain-officer-p-at-iom-un-migration-4435536122,EOI Mobility: Supply Chain Officer (P),IOM - UN Migration,posted,2026-07-07T00:53:38.742777,45
fd9c3ce1f2e22d95,https://iq.linkedin.com/jobs/view/%D9%85%D9%87%D9%86%D8%AF%D8%B3%D8%A9-%D9%85%D8%B9%D9%85%D8%A7%D8%B1%D9%8A%D8%A9-at-ozone-company-4332409671,مهندسة معمارية,Ozone Company,posted,2026-07-07T00:53:56.523855,47
5370930165923a37,https://iq.linkedin.com/jobs/view/team-lead-rider-on-ground-ops-at-talabat-4436090278,Team Lead Rider On Ground Ops,,scraped,2026-07-07T00:53:59.221388,
13b48f6ab966e620,https://iq.linkedin.com/jobs/view/landscape-engineer-at-belo-global-services-4433907769,Landscape Engineer,Belo Global Services,posted,2026-07-07T00:54:12.126333,49
7ef08fc23f84fcca,https://iq.linkedin.com/jobs/view/senior-ff-at-second-step-for-outsourcing-and-business-services-4437146441,Senior FF,,scraped,2026-07-07T00:54:14.805873,
3f07697487bb233a,https://iq.linkedin.com/jobs/view/tmart-operations-engineer-assistant-at-talabat-4432348306,tMart Operations Engineer Assistant,,scraped,2026-07-07T00:54:22.772433,
478a7151ca7cd5a4,https://iq.linkedin.com/jobs/view/arabic-tutor-ai-trainer-at-dataannotation-4344833579,Arabic Tutor - AI Trainer,DataAnnotation,posted,2026-07-07T00:55:39.756231,51
c7c49acc1d0cedeb,https://iq.linkedin.com/jobs/view/tar-supervisor-e-i-at-wood-4436308307,TAR Supervisor E&I,Wood,posted,2026-07-07T00:55:53.854514,53
843cf409364f2e87,https://iq.linkedin.com/jobs/view/electrical-technician-at-wood-4436300574,Electrical Technician,Wood,posted,2026-07-07T00:56:07.382569,55
68c00658b256c7ca,https://iq.linkedin.com/jobs/view/graphic-designer-social-media-specialist-4433794215,Graphic Designer & Social Media Specialist,Iraq Auto,posted,2026-07-07T00:56:15.769004,57
328d241d473c595c,https://iq.linkedin.com/jobs/view/temenos-t24-developer-at-zaincash-4436343866,Temenos T24 Developer,ZainCash,posted,2026-07-07T00:56:28.249814,59
d6fd2f0d0215e95c,https://iq.linkedin.com/jobs/view/general-manager-sol-qiddiya-preopening-at-meli%C3%A1-hotels-international-4427140532,GENERAL MANAGER SOL QIDDIYA (PREOPENING),Meliá Hotels International,posted,2026-07-07T00:57:48.001075,61
46221522943c6cef,https://iq.linkedin.com/jobs/view/mobility-vn-programme-officer-cash-based-interventions-cbi-p-at-iom-un-migration-4435524807,Mobility VN: Programme Officer (Cash Based Interventions (CBI)) (P),IOM - UN Migration,posted,2026-07-07T00:59:06.314285,63
a6b2a3b0b44554c7,https://iq.linkedin.com/jobs/view/vice-president-for-advancement-and-external-relations-at-american-university-of-iraq-baghdad-4426104383,Vice President for Advancement and External Relations,الجامعة الأمريكية في بغداد AUIB,posted,2026-07-07T00:59:17.539715,65
92373073dcf7d8ab,https://iq.linkedin.com/jobs/view/mobility-vn-programme-officer-technical-cooperation-p-at-iom-un-migration-4435526721,Mobility VN: Programme Officer (Technical Cooperation) (P),IOM - UN Migration,posted,2026-07-07T00:59:30.397359,67
85ce9a3fa3fe2341,https://iq.linkedin.com/jobs/view/carhartt-wip-store-amsterdam-hartenstraat-sales-assistant-24-hrs-fixed-term-m-f-x-at-carhartt-wip-work-in-progress-4433797240,Carhartt WIP Store Amsterdam Hartenstraat - Sales Assistant 24 hrs fixed term (m/f/x),,scraped,2026-07-07T12:17:46.562528,
b9c1dd59132c1c50,https://iq.linkedin.com/jobs/view/carhartt-wip-store-amsterdam-hartenstraat-sales-assistant-14-hrs-fixed-term-m-f-x-at-carhartt-wip-work-in-progress-4433779989,Carhartt WIP Store Amsterdam Hartenstraat - Sales Assistant 14 hrs fixed term (m/f/x),,scraped,2026-07-07T12:17:54.389415,
88cc9c9418f38ebd,https://iq.linkedin.com/jobs/view/fresh-graduates-at-arab-bank-iraq-4433930648,Fresh Graduates,Arab Bank Iraq,posted,2026-07-07T12:18:11.990594,69
8f28f1a8c7f37102,https://iq.linkedin.com/jobs/view/e-commerce-executive-at-erbil-rotana-4353786563,E-Commerce Executive,,scraped,2026-07-07T12:18:16.719383,
e4535c70cd2d93de,https://iq.linkedin.com/jobs/view/health-safety-and-environment-hse-officer-at-al-alamyah-pharma-4432769226,"Health, Safety, and Environment (HSE) Officer",,scraped,2026-07-07T12:18:23.783825,
1b06d356decc83c0,https://iq.linkedin.com/jobs/view/dean-of-saad-business-school-at-american-university-of-iraq-sulaimani-4437720716,Dean of Saad Business School,"American University of Iraq, Sulaimani",posted,2026-07-07T12:18:38.356185,71
712c314816a8e1ab,https://iq.linkedin.com/jobs/view/waiter-waitress-at-erbil-rotana-4425733944,Waiter / Waitress,,scraped,2026-07-07T12:18:41.019308,
5117523ab9029318,https://iq.linkedin.com/jobs/view/junior-date-analyst-at-baly-4433798134,Junior Date Analyst,,scraped,2026-07-07T12:18:47.997579,
24c915ec88339a0d,https://iq.linkedin.com/jobs/view/information-and-support-center-agent-at-american-university-of-iraq-baghdad-4306309244,Information and Support Center Agent,الجامعة الأمريكية في بغداد AUIB,posted,2026-07-07T12:19:04.507729,73
24cc4e0765b1c97b,https://iq.linkedin.com/jobs/view/commis-ii-at-erbil-rotana-4433933638,Commis II,,scraped,2026-07-07T12:19:07.185721,
23cb626a5cd762cd,https://iq.linkedin.com/jobs/view/product-manager-at-kinetic-business-solutions-4434521532,Product Manager,,scraped,2026-07-07T12:19:13.946454,
0f6e657e56d5d837,https://iq.linkedin.com/jobs/view/country-representative-for-iraq-at-people-in-need-4433747157,Country Representative for Iraq,,scraped,2026-07-07T12:19:23.192004,
a9af01e70f0f738a,https://iq.linkedin.com/jobs/view/product-qa-officer-at-zaincash-4436340957,Product QA Officer,ZainCash,posted,2026-07-07T12:19:49.184358,75
443c2462db65c39c,https://iq.linkedin.com/jobs/view/sales-logistics-specialist-at-world-of-challenges-4434529711,Sales Logistics Specialist,,scraped,2026-07-07T12:19:51.779954,
ca8b2dbeb61af60b,https://iq.linkedin.com/jobs/view/lead-account-executive-at-iq-group-4434521811,Lead Account Executive,,scraped,2026-07-07T12:20:02.411056,
50221dde6a91582c,https://iq.linkedin.com/jobs/view/zain2398-direct-sales-customer-service-representative-salah-aldeen-at-zain-iraq-4436987517,ZAIN2398 - Direct Sales Customer Service Representative-Salah Aldeen,,scraped,2026-07-07T12:20:13.692804,
b3abead28e406832,https://iq.linkedin.com/jobs/view/content-writer-at-augustus-media-4437171179,Content Writer,,scraped,2026-07-07T12:20:27.668876,
7ed1a6d098b58d09,https://iq.linkedin.com/jobs/view/finance-manager-iraq-at-holdal-group-4434532006,Finance Manager - Iraq,,scraped,2026-07-07T12:20:40.359603,
7df989990f6309c3,https://iq.linkedin.com/jobs/view/private-sector-engagement-specialist-national-position-at-avsi-mo%C3%A7ambique-4435302262,Private Sector Engagement Specialist (National Position),,scraped,2026-07-07T12:21:05.099849,
81ec035bd87e16c5,https://iq.linkedin.com/jobs/view/network-engineer-at-wood-4436301519,Network Engineer,Wood,posted,2026-07-07T12:21:27.608423,77
619f7d29f13e03d5,https://iq.linkedin.com/jobs/view/open-rank-faculty-anesthesia-fall-spring-2026-27-at-american-university-of-iraq-baghdad-4258717324,Open Rank Faculty Anesthesia Fall/Spring 2026-27,الجامعة الأمريكية في بغداد AUIB,posted,2026-07-07T12:21:45.032102,79
14ccbaba6da126e8,https://iq.linkedin.com/jobs/view/process-re-engineering-specialist-at-national-bank-of-iraq-4435216674,Process Re-Engineering Specialist,National Bank of Iraq,posted,2026-07-07T12:21:58.588047,81
31319671385c610a,https://iq.linkedin.com/jobs/view/credit-review-senior-associate-at-national-bank-of-iraq-4436027944,Credit Review Senior Associate,National Bank of Iraq,posted,2026-07-07T12:22:12.205420,83
57d5fa9f8f61c4c2,https://iq.linkedin.com/jobs/view/engineering-coordinator-at-erbil-arjaan-4357152579,Engineering Coordinator,,scraped,2026-07-07T12:22:14.913833,
a5d4018e9fdf63ea,https://iq.linkedin.com/jobs/view/admin-tmart-at-talabat-4436079623,Admin tMart,,scraped,2026-07-07T12:22:21.501982,
864ed3773e4d7d33,https://iq.linkedin.com/jobs/view/engineering-manager-at-erbil-arjaan-4434527416,Engineering Manager,,scraped,2026-07-07T12:22:28.427552,
e486ff68dc769cf3,https://iq.linkedin.com/jobs/view/carpenter-at-erbil-arjaan-4357182548,Carpenter,,scraped,2026-07-07T12:22:35.323983,
775cbb42d4d6a12c,https://iq.linkedin.com/jobs/view/bilingual-copyeditor-ai-trainer-at-dataannotation-4345030618,Bilingual Copyeditor - AI Trainer,DataAnnotation,posted,2026-07-07T12:22:49.242813,85
344fc88acd5c8bc5,https://iq.linkedin.com/jobs/view/firearm-instructor-at-diri-al-nassir-security-services-and-private-guards-4434535070,Firearm Instructor,,scraped,2026-07-07T12:22:53.898289,
2bacab51b4ce712b,https://iq.linkedin.com/jobs/view/sales-representative-at-%D8%B4%D8%B1%D9%83%D8%A9-%D9%86%D8%B3%D9%8A%D9%85-%D8%A7%D9%84%D8%BA%D8%B1%D8%A8%D9%8A%D8%A9-western-breeze-4436997377,Sales Representative,,scraped,2026-07-07T12:23:00.130057,
f5ab0ce4bc6cddef,https://iq.linkedin.com/jobs/view/control-systems-engineer-at-wood-4436303476,Control Systems Engineer,Wood,posted,2026-07-07T12:23:23.165852,87
8aaead33597aeab4,https://iq.linkedin.com/jobs/view/solution-engineer-at-iq-group-4433946916,Solution Engineer,,scraped,2026-07-07T12:23:25.849147,
38ebacefcf0ff743,https://iq.linkedin.com/jobs/view/zain2360-head-of-b2b-mobile-and-mbb-unit-at-zain-iraq-4422412696,ZAIN2360 - Head of B2B Mobile and MBB Unit,,scraped,2026-07-07T12:23:34.702287,
879d9ff64e66a41b,https://iq.linkedin.com/jobs/view/kurdish-language-expert-remote-at-yo-it-consulting-4435703986,Kurdish Language Expert - Remote,,scraped,2026-07-07T12:23:48.141629,
1d8b4141a656d6ad,https://iq.linkedin.com/jobs/view/sales-expansion-officer-food-at-baly-4434520713,Sales Expansion Officer (Food),,scraped,2026-07-07T20:33:14.450140,
83fefda0a519aa55,https://iq.linkedin.com/jobs/view/microsoft-systems-administrator-at-national-bank-of-iraq-4436541035,Microsoft Systems Administrator,National Bank of Iraq,posted,2026-07-07T20:33:35.107961,89
091a63a8f9dd0940,https://iq.linkedin.com/jobs/view/biomedical-engineer-at-albayan-healthcare-solutions-co-4437137671,Biomedical Engineer,,scraped,2026-07-07T20:33:37.786214,
e10285b9b475e534,https://iq.linkedin.com/jobs/view/site-engineer-control-systems-at-mercury-nz-4434503272,Site Engineer - Control Systems,,scraped,2026-07-07T20:33:44.591862,
8f45a6886b35799d,https://iq.linkedin.com/jobs/view/lecturer-faculty-member-at-cmc-institute-4430629719,Lecturer / Faculty Member,CMC Institute,posted,2026-07-07T20:34:01.898931,91
091c69fd722ae60a,https://iq.linkedin.com/jobs/view/teaching-assistant-college-of-arts-sciences-at-american-university-of-iraq-baghdad-4436037198,Teaching Assistant - College of Arts & Sciences,الجامعة الأمريكية في بغداد AUIB,posted,2026-07-07T20:34:14.916900,93
ba7688a13bb0a026,https://iq.linkedin.com/jobs/view/nutanix-engineer-networking-it-support-engineer-at-itproposal-4436740621,Nutanix Engineer/ Networking IT Support Engineer,,scraped,2026-07-07T20:34:17.343533,
0ea5fe34cba426d2,https://iq.linkedin.com/jobs/view/digital-marketing-manager-at-%D9%88%D8%B3%D9%8A%D8%B7-%D8%A7%D9%84%D8%A7%D9%81%D9%82-waseetalaufuq-4433941328,Digital Marketing Manager,,scraped,2026-07-07T20:34:25.942267,
4267516a2728cb32,https://iq.linkedin.com/jobs/view/financial-analyst-at-confidential-careers-4437197639,Financial Analyst,,scraped,2026-07-07T20:34:37.068978,
366a98cf35390c1e,https://iq.linkedin.com/jobs/view/english-language-instructor-at-american-university-of-iraq-baghdad-4406958593,English Language Instructor,الجامعة الأمريكية في بغداد AUIB,posted,2026-07-07T20:34:52.595105,95
cc5614477c0dbe14,https://iq.linkedin.com/jobs/view/software-engineer-at-zagros%C3%AE-4437166788,Software Engineer,,scraped,2026-07-07T20:35:00.978944,
e62fbfa55e29136a,https://iq.linkedin.com/jobs/view/coordinator-rider-engagement-at-talabat-4436085323,Coordinator Rider Engagement,,scraped,2026-07-07T20:35:11.556932,
ed25d82bde6b9a60,https://iq.linkedin.com/jobs/view/zain2222-indirect-sales-account-executive-basra-at-zain-iraq-4384832943,ZAIN2222 - Indirect Sales Account Executive-Basra,Zain Iraq,posted,2026-07-07T20:35:45.323803,97
afcec58ee964379d,https://iq.linkedin.com/jobs/view/video-editor-at-60frame-agency-4434545273,Video Editor,60Frame Agency,posted,2026-07-07T20:35:56.720444,99
3a30d27c07454109,https://iq.linkedin.com/jobs/view/gpp-facility-operator-on-site-at-anton-4432325467,GPP Facility Operator (On-site),Anton,posted,2026-07-07T20:36:13.811093,101
e0d9a6c9602e797b,https://iq.linkedin.com/jobs/view/zain2374-b2b-account-executive-erbil-at-zain-iraq-4428817135,ZAIN2374 - B2B Account Executive-Erbil,Zain Iraq,posted,2026-07-07T20:36:33.186910,103
b87a50a7d266d502,https://iq.linkedin.com/jobs/view/air-navigation-services-director-at-carecone-group-4428691608,Air Navigation Services Director,,scraped,2026-07-07T20:36:35.772299,
2583d960eff3452e,https://iq.linkedin.com/jobs/view/mindshare-senior-media-manager-baghdad-at-wpp-media-4430635011,Mindshare: Senior Media Manager- Baghdad,WPP Media,posted,2026-07-07T20:36:54.554323,105
1c25ae5f50abc59e,https://iq.linkedin.com/jobs/view/sales-executive-at-b-tech-company-for-automation-digital-transformation-general-contracting-and-trading-llc-4414844952,Sales Executive,,scraped,2026-07-07T20:36:57.212534,
f3610b3edc7223d3,https://iq.linkedin.com/jobs/view/safety-systems-engineer-at-wood-4436194967,Safety Systems Engineer,Wood,posted,2026-07-07T20:37:27.809000,107
892e16bd2cab252a,https://iq.linkedin.com/jobs/view/generators-sales-specialist-at-sany-iraq-4431042586,Generators Sales Specialist,,scraped,2026-07-07T20:37:30.366230,
86db308e8cc32303,https://iq.linkedin.com/jobs/view/senior-electrical-systems-engineer-at-wood-4436313163,Senior Electrical Systems Engineer,Wood,posted,2026-07-07T20:37:52.302600,109
48d82de40453b128,https://iq.linkedin.com/jobs/view/arabic-iraqi-kurdish-linguist-cat-i-local-national-at-valiant-integrated-services-4437465360,Arabic Iraqi/Kurdish Linguist CAT I- Local National,Valiant Integrated Services,posted,2026-07-07T20:38:03.324053,111
f1c6cebec96cab17,https://iq.linkedin.com/jobs/view/senior-network-engineer-at-wood-4436197615,Senior Network Engineer,Wood,posted,2026-07-07T20:38:21.092523,113
59c556b53bef785c,https://iq.linkedin.com/jobs/view/adjunct-faculty-of-conflict-of-laws-at-american-university-of-iraq-baghdad-4427435143,Adjunct Faculty of Conflict of Laws,الجامعة الأمريكية في بغداد AUIB,posted,2026-07-07T20:38:39.756735,115
70d89d35e4f25a82,https://iq.linkedin.com/jobs/view/teppanyaki-chef-at-yuzu-japanese-more-4432738202,Teppanyaki Chef,Yuzu Japanese & More,posted,2026-07-07T20:38:51.820617,117
0253fb783c30bc22,https://iq.linkedin.com/jobs/view/sales-supervisor-at-tamkeen-4433780721,Sales Supervisor,التمكين الذكي,posted,2026-07-08T07:19:04.380289,129
22c80cfca32ef22a,https://iq.linkedin.com/jobs/view/channel-sales-manager-at-longi-solar-4428425902,Channel Sales Manager,,scraped,2026-07-08T07:19:09.059969,
759dc1785ee80b21,https://iq.linkedin.com/jobs/view/sales-manager-at-abwaab-4436864311,Sales Manager,أبواب,posted,2026-07-08T07:19:29.375714,131
7c4257fb68f00701,https://iq.linkedin.com/jobs/view/chief-financial-officer-cfo-at-confidential-4433316525,Chief Financial Officer (CFO),Confidential,posted,2026-07-08T07:19:39.541137,133
990fab151ebd127a,https://iq.linkedin.com/jobs/view/sales-operations-follow-up-officer-at-abwaab-4436870158,Sales Operations & Follow-Up Officer,أبواب,posted,2026-07-08T07:19:59.870487,135
4621cba7a5cbe1ff,https://iq.linkedin.com/jobs/view/housekeeping-attendant-at-erbil-rotana-4434562603,Housekeeping Attendant,,scraped,2026-07-08T07:20:04.426869,
9952789fec71d9f9,https://iq.linkedin.com/jobs/view/senior-cost-accountant-at-confidential-4427171767,Senior Cost Accountant,Confidential,posted,2026-07-08T07:20:27.599199,137
603372095229927a,https://iq.linkedin.com/jobs/view/sales-agent-at-asia-air-4434822150,Sales Agent,Asia Air,posted,2026-07-08T07:20:45.012529,139
af352ff5c3cf8c07,https://iq.linkedin.com/jobs/view/end-user-support-engineer-at-onyxes-technologies-4437193339,End User Support Engineer,,scraped,2026-07-08T07:20:51.661863,
e1a611a9863d48ac,https://iq.linkedin.com/jobs/view/call-for-experts-technical-assistance-facility-for-iraq-taffi-2-0-and-iraq-catalytic-economic-diversification-programme-iced-at-adam-smith-international-4252632351,Call for Experts - Technical Assistance Facility for Iraq (TAFFI 2.0) and Iraq Catalytic Economic Diversification Programme (ICED),,scraped,2026-07-08T07:20:58.829097,
3132106b4ed7c884,https://iq.linkedin.com/jobs/view/senior-video-editor-at-digital-vision-4434540327,Senior Video Editor,,scraped,2026-07-08T07:21:06.463393,
ae2a0706fb7c4979,https://iq.linkedin.com/jobs/view/senior-sales-specialist-at-zmc-express-cargo-4438157681,Senior Sales Specialist,,scraped,2026-07-08T07:21:14.843367,
e05fe81abd543d69,https://iq.linkedin.com/jobs/view/sales-engineer-%E2%80%93-hydraulic-and-instrumentation-tools-at-al-usool-general-trading-company-ltd-4434584304,Sales Engineer – : Hydraulic and Instrumentation Tools,,scraped,2026-07-08T07:21:25.496116,
1e6c80ad5271943b,https://iq.linkedin.com/jobs/view/sales-and-marketing-specialist-4433772930,Sales And Marketing Specialist,Al-Marabia Company,posted,2026-07-08T07:22:08.595623,141
02fe8f0f789a45c0,https://iq.linkedin.com/jobs/view/digital-marketing-manager-at-american-university-of-iraq-baghdad-4429237613,Digital Marketing Manager,الجامعة الأمريكية في بغداد AUIB,posted,2026-07-08T07:23:07.391301,143
fba2b9f3ef7512d5,https://iq.linkedin.com/jobs/view/programme-design-support-and-inception-phase-consultant-inspire-at-iom-un-migration-4436737620,Programme Design Support and Inception Phase Consultant (INSPIRE ),IOM - UN Migration,posted,2026-07-08T07:23:51.047830,145
e760ae5fbf5b90cb,https://iq.linkedin.com/jobs/view/visiting-associate-professor-of-electrical-engineering-at-american-university-of-iraq-baghdad-4415670451,Visiting Associate Professor of Electrical Engineering,الجامعة الأمريكية في بغداد AUIB,posted,2026-07-08T07:24:13.365647,147
d763a6aa526f3862,https://iq.linkedin.com/jobs/view/ndt-specialist-at-bureau-veritas-4437037132,NDT Specialist,,scraped,2026-07-08T13:20:11.804877,
36046b4f8222821d,https://iq.linkedin.com/jobs/view/surveyor-4434550788,Surveyor,HAKIMI KRAFT,posted,2026-07-08T13:20:31.627374,149
344b7e3b7f619eda,https://iq.linkedin.com/jobs/view/mobility-vn-information-and-communications-technology-ict-officer-p-at-iom-un-migration-4435808462,Mobility VN: Information and Communications Technology (ICT) Officer (P),IOM - UN Migration,posted,2026-07-08T13:21:03.029083,151
256f7cd7f779a2da,https://iq.linkedin.com/jobs/view/doctor-of-pharmacy-4433792677,Doctor of Pharmacy,Ministry of health  basrah,posted,2026-07-08T13:21:19.459564,153
c60fe0c582c58034,https://iq.linkedin.com/jobs/view/senior-accountant-at-al-watania-%D8%A7%D9%84%D9%88%D8%B7%D9%86%D9%8A%D8%A9-4434844962,Senior Accountant,,scraped,2026-07-08T13:21:28.220696,
60d326c7ded615d3,https://iq.linkedin.com/jobs/view/jr-it-engineer-at-profix-company-4434844749,"Jr,IT Engineer",Profix company,posted,2026-07-08T13:21:46.237979,155
28022715485e58f4,https://iq.linkedin.com/jobs/view/comms-technical-assistant-at-control-risks-4437762648,Comms Technical Assistant,,scraped,2026-07-08T13:21:50.830328,
324c690bc72599bb,https://iq.linkedin.com/jobs/view/lawyer-at-sardar-group-4437748403,Lawyer,,scraped,2026-07-08T13:21:58.359467,
dd635f2076c57cea,https://iq.linkedin.com/jobs/view/sales-distribution-specialist-at-%D9%88%D8%B3%D9%8A%D8%B7-%D8%A7%D9%84%D8%A7%D9%81%D9%82-waseetalaufuq-4434821797,Sales Distribution Specialist,,scraped,2026-07-08T13:22:13.704963,
518317578a844031,https://iq.linkedin.com/jobs/view/civil-engineer-at-yatay-group-4434845579,Civil Engineer,Yatay Group,posted,2026-07-08T13:22:32.691105,157
62ac8a2513f1cb67,https://iq.linkedin.com/jobs/view/mechanical-field-service-specialist-iraqi-nationals-only-at-siemens-energy-4437022849,Mechanical Field Service Specialist - Iraqi Nationals Only,Siemens Energy,posted,2026-07-08T13:22:44.228267,159
09490efff8c3c122,https://iq.linkedin.com/jobs/view/customer-care-officer-kurdish-speaker-at-zaincash-4436988345,Customer Care Officer (Kurdish Speaker),ZainCash,posted,2026-07-08T13:23:03.830659,161
735b7986868fee99,https://iq.linkedin.com/jobs/view/ey-law-corporate-commercial-lawyer-baghdad-iraq-at-ey-4397902485,"EY Law - Corporate & Commercial Lawyer - Baghdad, Iraq",EY,posted,2026-07-08T13:23:17.139794,163
4192951ed12e8c14,https://iq.linkedin.com/jobs/view/zain2403-government-relations-coordinator-at-zain-iraq-4437755513,ZAIN2403 - Government Relations Coordinator,Zain Iraq,posted,2026-07-08T18:58:16.038429,165
30bcd3d7fdf63beb,https://iq.linkedin.com/jobs/view/sales-support-alfanar-electric-at-alfanar-4437006870,Sales Support | alfanar Electric,,scraped,2026-07-08T18:58:30.795994,
6d556c41a8b850d2,https://iq.linkedin.com/jobs/view/contract-manager-at-cb-i-4438187830,Contract Manager,CB&amp;I,posted,2026-07-08T18:58:49.831230,167
627f1e2606134c42,https://iq.linkedin.com/jobs/view/materials-manager-at-v2x-inc-4432927116,Materials Manager,V2X Inc,posted,2026-07-08T18:59:07.961741,169
1a96a7389e9ef897,https://iq.linkedin.com/jobs/view/open-rank-faculty-in-international-relations-at-american-university-of-iraq-baghdad-4437058724,Open Rank Faculty in International Relations,الجامعة الأمريكية في بغداد AUIB,posted,2026-07-08T18:59:55.226239,171
cb81cde70838d3d5,https://iq.linkedin.com/jobs/view/open-rank-faculty-in-writing-and-composition-at-american-university-of-iraq-baghdad-4437058723,Open Rank Faculty in Writing and Composition,الجامعة الأمريكية في بغداد AUIB,posted,2026-07-08T19:00:11.347424,173
fa38d81b4b7d9640,https://iq.linkedin.com/jobs/view/associate-dean-for-academic-affairs-college-of-engineering-at-american-university-of-iraq-baghdad-4437053935,Associate Dean for Academic Affairs - College of Engineering,الجامعة الأمريكية في بغداد AUIB,posted,2026-07-08T19:00:29.419145,175
b64b1bcd16346c3b,https://iq.linkedin.com/jobs/view/head-chef-at-em-sherif-group-4434813953,Head Chef,,scraped,2026-07-08T19:00:40.027898,
1f4a01a0c2e50953,https://iq.linkedin.com/jobs/view/lead-process-automation-systems-engineer-at-wood-4436194968,Lead Process Automation Systems Engineer,Wood,posted,2026-07-08T19:01:06.869715,177
1cab52c4e8c76776,https://iq.linkedin.com/jobs/view/sous-chef-at-erbil-rotana-4434883006,Sous Chef,,scraped,2026-07-08T19:01:09.477356,
4f98a3d667ba56a1,https://iq.linkedin.com/jobs/view/hmi-engineer-at-wood-4436301520,HMI Engineer,Wood,posted,2026-07-08T19:01:27.659859,179
2a91197380ecad92,https://iq.linkedin.com/jobs/view/erpnext-developer-at-honey-bird-ltd-%D9%87%D9%86%D9%8A-%D8%A8%D9%8A%D8%B1%D8%AF-4434824884,ERPNext Developer,Honey Bird Ltd. - هني بيرد,posted,2026-07-08T23:46:05.648419,181
dda19e8bf2016974,https://iq.linkedin.com/jobs/view/hr-specialist-%E2%80%93-iraq-at-abwaab-4436859475,HR Specialist – Iraq,أبواب,posted,2026-07-08T23:46:19.407174,183
4895e5583c471f5d,https://iq.linkedin.com/jobs/view/waiter-waitress-at-erbil-arjaan-4427334970,Waiter / Waitress,,scraped,2026-07-08T23:46:24.009454,
a63e4ab9556ab3b7,https://iq.linkedin.com/jobs/view/copywriter-at-ayass-automotive-%D8%A3%D9%8A%D8%A7%D8%B3-%D9%84%D9%84%D8%B3%D9%8A%D8%A7%D8%B1%D8%A7%D8%AA-4434869990,Copywriter,,scraped,2026-07-08T23:46:38.634982,
0fb7c707aad36fb8,https://iq.linkedin.com/jobs/view/business-development-manager-at-traze-4401745606,Business Development Manager,,scraped,2026-07-08T23:46:54.492207,
d188e59dd78c8a54,https://iq.linkedin.com/jobs/view/lawyer-4434898076,Lawyer,.,posted,2026-07-08T23:47:09.951788,185
f5f398eed7824ac3,https://iq.linkedin.com/jobs/view/b2b-sales-officer-at-tamkeen-4434528287,B2B Sales Officer,التمكين الذكي,posted,2026-07-08T23:47:28.985477,187
dff8e5ba05582912,https://iq.linkedin.com/jobs/view/domain-sales-director-at-ericsson-4437082109,Domain Sales Director,,scraped,2026-07-08T23:47:37.576586,
55d9c6c84f491842,https://iq.linkedin.com/jobs/view/sales-engineer-industrial-automation-solutions-at-uruk-engineering-services-co-ltd-4434855282,Sales Engineer - Industrial Automation Solutions,"Uruk Engineering Services Co., Ltd.",posted,2026-07-08T23:48:07.720444,189
8c62294668d70d65,https://iq.linkedin.com/jobs/view/e-i-engineer-at-azku-global-services-4434830932,E&I Engineer,,scraped,2026-07-08T23:48:14.274827,
be68122ab95a34bc,https://iq.linkedin.com/jobs/view/visiting-faculty-in-international-relations-at-american-university-of-iraq-baghdad-4437061698,Visiting Faculty in International Relations,الجامعة الأمريكية في بغداد AUIB,posted,2026-07-08T23:48:29.312158,191
844a7a63d8bc1ba3,https://iq.linkedin.com/jobs/view/account-manager-dental-iraq-at-shining-3d-4436289314,Account Manager - Dental - Iraq,,scraped,2026-07-08T23:48:31.900300,
e013ae52a60f4c78,https://iq.linkedin.com/jobs/view/instrument-technician-at-wood-4436309294,Instrument Technician,Wood,posted,2026-07-08T23:48:50.413449,193
51e552aaaa7e3b76,https://iq.linkedin.com/jobs/view/ndt-specialist-at-bureau-veritas-4438206080,NDT Specialist,,scraped,2026-07-08T23:48:52.959458,
df24e24461ff320d,https://iq.linkedin.com/jobs/view/fire-fighter-at-amentum-4438572191,Fire Fighter,Amentum,posted,2026-07-09T11:26:45.520628,195
e317828af1f7f83b,https://iq.linkedin.com/jobs/view/project-planner-at-al-karrar-engineering-company-for-general-contracting-ltd-4435660526,Project Planner,Al Karrar Engineering Company For General Contracting LTD.,posted,2026-07-09T11:27:04.941850,197
853742032c248d8f,https://iq.linkedin.com/jobs/view/%D9%85%D8%B3%D8%A4%D9%88%D9%84-%D8%AA%D8%B7%D9%88%D9%8A%D8%B1-%D8%A7%D9%84%D8%B4%D8%B1%D9%83%D8%A7%D8%AA-%D9%88%D8%A7%D9%84%D8%B1%D8%B9%D8%A7%D9%8A%D8%A7%D8%AA-4434899835,مسؤول تطوير الشركات والرعايات,Dark event iraq,posted,2026-07-09T11:27:20.473053,199
e23636037b615ef5,https://iq.linkedin.com/jobs/view/inventory-scm-oracle-sap-maximo-at-arab-solutions-4437393248,Inventory / SCM (Oracle/SAP/Maximo),,scraped,2026-07-09T11:27:23.272038,
b05579c90ced8e75,https://iq.linkedin.com/jobs/view/field-sales-representative-at-caraten-4435656954,Field Sales Representative,,scraped,2026-07-09T11:27:54.065739,
9a5aa74bfe78fc5d,https://iq.linkedin.com/jobs/view/planning-quality-engineer-at-swar-4434831855,Planning & Quality Engineer,سوار,posted,2026-07-09T11:28:10.567319,201
fea4b2dd5ce903b7,https://iq.linkedin.com/jobs/view/senior-compliance-specialist-at-geo-jade-middle-east-sbipro-fz-llc-4434546269,Senior Compliance Specialist,,scraped,2026-07-09T11:28:15.150400,
2d68fdeb69e2c653,https://iq.linkedin.com/jobs/view/bss-engineer-at-huawei-4436311912,BSS Engineer,,scraped,2026-07-09T11:28:31.154840,
7b13bd8818381803,https://iq.linkedin.com/jobs/view/team-leader-guest-services-at-erbil-rotana-4353064360,Team Leader - Guest Services,,scraped,2026-07-09T11:28:55.706394,
9168fd701d12a611,https://iq.linkedin.com/jobs/view/open-rank-faculty-in-ethics-philosophy-at-american-university-of-iraq-baghdad-4437071303,Open Rank Faculty in Ethics & Philosophy,الجامعة الأمريكية في بغداد AUIB,posted,2026-07-09T11:29:44.265326,203
7283643933211e56,https://iq.linkedin.com/jobs/view/chef-de-partie-pastry-at-erbil-arjaan-4433940425,Chef de Partie (Pastry),,scraped,2026-07-09T11:29:46.965436,
90ec4dff8d14241e,https://iq.linkedin.com/jobs/view/accountant-at-al-sunober-co-%D8%B4%D8%B1%D9%83%D8%A9-%D8%A7%D9%84%D8%B5%D9%86%D9%88%D8%A8%D8%B1-4432705997,Accountant,,scraped,2026-07-09T18:28:10.462550,
e494cb5be48c8afb,https://iq.linkedin.com/jobs/view/sales-representative-at-erbil-pioneer-for-supplies-of-oilfield-equipment-ltd-4438627207,SALES REPRESENTATIVE,,scraped,2026-07-09T18:28:21.456541,
523e5a68dd29b9ea,https://iq.linkedin.com/jobs/view/accountant-at-transmed-4435689250,Accountant,Transmed,posted,2026-07-09T18:28:51.427475,205
ed788053d9af09cf,https://iq.linkedin.com/jobs/view/government-relations-officer-lawyer-at-baly-4433947629,Government Relations Officer - Lawyer,,scraped,2026-07-09T18:28:56.122279,
c38ec5038415bcdf,https://iq.linkedin.com/jobs/view/digital-marketing-specialist-at-ring-4435667820,Digital Marketing Specialist,,scraped,2026-07-09T18:29:07.195905,
fe7da8fd154a068f,https://iq.linkedin.com/jobs/view/marketing-executive-at-ram-creative-4435675435,Marketing Executive,Ram Creative,posted,2026-07-09T18:29:29.246844,207
a2db7885cc6c6163,https://iq.linkedin.com/jobs/view/chemical-injection-supervisor-at-wood-4438599755,Chemical Injection Supervisor,Wood,posted,2026-07-09T18:29:55.489780,209
24952f8b380b3538,https://iq.linkedin.com/jobs/view/qa-testing-engineer-at-objectway-4438247136,QA Testing Engineer,,scraped,2026-07-09T18:29:57.899360,
9bc5201f70f81ae5,https://iq.linkedin.com/jobs/view/payment-operations-specialist-merchant-onboarding-at-qicard-4438619945,Payment Operations Specialist-Merchant Onboarding,,scraped,2026-07-09T18:30:06.561530,
8ef91da217eb74a2,https://iq.linkedin.com/jobs/view/senior-media-production-specialist-at-baly-4435679290,Senior Media Production Specialist,,scraped,2026-07-09T18:30:14.263598,
ed840141f1901387,https://iq.linkedin.com/jobs/view/national-consultant-for-evidence-generation-and-data-analysis-on-teenage-mothers-baghdad-iraq-5-5-months-remote-with-travel-at-unicef-chad-4435901401,"National Consultant for Evidence Generation and Data Analysis on Teenage Mothers, Baghdad, Iraq, 5.5 months (Remote with travel)",Unicef CHAD,posted,2026-07-09T18:30:40.963880,211
4837feb72756eeab,https://iq.linkedin.com/jobs/view/hospitality-coordinator-at-sardar-group-4438245249,Hospitality Coordinator,,scraped,2026-07-09T18:30:43.617659,
7da8be1d32f20800,https://iq.linkedin.com/jobs/view/category-specialist-at-hareer-app-4435657884,Category Specialist,Hareer app,posted,2026-07-09T18:31:18.359720,213
704fdef1ad595bb7,https://iq.linkedin.com/jobs/view/novargi-iraq-mechanial-engineer-at-novargi-4438616658,NOVARGI IRAQ: Mechanial Engineer,,scraped,2026-07-09T18:31:20.778918,
8a4935a6c4fec2fe,https://iq.linkedin.com/jobs/view/senior-product-specialist-south-iraq-at-aspen-pharma-group-4438164431,Senior Product Specialist - South Iraq,,scraped,2026-07-09T18:31:29.900775,
d4ebea30bde3f93d,https://iq.linkedin.com/jobs/view/dental-technology-lab-instructor-at-american-university-of-iraq-baghdad-4408992596,Dental Technology Lab Instructor,الجامعة الأمريكية في بغداد AUIB,posted,2026-07-09T18:31:52.064904,215
3429c1739aac43fc,https://iq.linkedin.com/jobs/view/commis-i-at-erbil-rotana-4434881038,Commis I,,scraped,2026-07-09T18:31:54.747031,
6b9752a6a4d4eac2,https://iq.linkedin.com/jobs/view/job-title-maintenance-field-service-specialist-at-arab-solutions-4437382471,Job Title: Maintenance & Field Service Specialist,,scraped,2026-07-09T23:55:48.834967,
f0b91bac66f53065,https://iq.linkedin.com/jobs/view/director-of-entrepreneurship-innovation-at-american-university-of-iraq-baghdad-4427409943,Director of Entrepreneurship & Innovation,الجامعة الأمريكية في بغداد AUIB,posted,2026-07-09T23:56:19.360338,217
adb8918500995106,https://iq.linkedin.com/jobs/view/business-technology-lead-at-transmed-4435676630,Business Technology Lead,Transmed,posted,2026-07-09T23:57:00.759338,219
9459d9959824e9e2,https://iq.linkedin.com/jobs/view/noc-manager-at-onyxes-technologies-4438590190,NOC Manager,,scraped,2026-07-09T23:57:05.591640,
7f4e6063680e2078,https://iq.linkedin.com/jobs/view/senior-exploration-geologist-at-anton-4435907334,Senior Exploration Geologist,Anton,posted,2026-07-09T23:57:58.917201,221
fc40b516f245963d,https://iq.linkedin.com/jobs/view/motion-graphic-designer-at-frequency-lab-4434892524,Motion Graphic Designer,frequency lab,posted,2026-07-09T23:58:20.289131,223
01ba5594e676485c,https://iq.linkedin.com/jobs/view/open-rank-faculty-dental-technology-%E2%80%93-chs-fall-spring-2026-27-at-american-university-of-iraq-baghdad-4409375209,Open Rank Faculty Dental Technology – CHS Fall/Spring 2026-27,الجامعة الأمريكية في بغداد AUIB,posted,2026-07-09T23:58:35.757395,225
4cc1decf09f8a1ac,https://iq.linkedin.com/jobs/view/senior-manager-risk-consulting-fcc-baghdad-at-ey-4399902247,Senior Manager- Risk Consulting- FCC- Baghdad,EY,posted,2026-07-09T23:58:53.088086,227
f425705bf0d466a7,https://iq.linkedin.com/jobs/view/executive-sous-chef-at-erbil-rotana-4416844064,Executive Sous Chef,,scraped,2026-07-09T23:58:55.737862,
b689772718c34a6e,https://iq.linkedin.com/jobs/view/electronic-tech-ii-met-nav-1-at-intrepidgs-4438652554,"Electronic Tech II, Met/Nav-1",IntrepidGS,posted,2026-07-09T23:59:19.693930,229
cfd577928cf4df39,https://iq.linkedin.com/jobs/view/reservoir-engineer-at-anton-4435911215,Reservoir Engineer,Anton,posted,2026-07-10T11:25:06.411558,231
055dc665c7066b96,https://iq.linkedin.com/jobs/view/national-consultant-for-evidence-generation-and-data-analysis-on-teenage-mothers-baghdad-iraq-5-5-months-remote-with-travel-at-unicef-4438667867,"National Consultant for Evidence Generation and Data Analysis on Teenage Mothers, Baghdad, Iraq, 5.5 months (Remote with travel)",اليونيسف,posted,2026-07-10T11:25:21.177603,233
c11405507b536c66,https://iq.linkedin.com/jobs/view/national-consultant-for-evidence-generation-and-data-analysis-on-teenage-mothers-baghdad-iraq-5-5-months-remote-with-travel-at-unicef-mk-4437956878,"National Consultant for Evidence Generation and Data Analysis on Teenage Mothers, Baghdad, Iraq, 5.5 months (Remote with travel)",,scraped,2026-07-10T11:25:29.869618,
1d77cd679ef23f23,https://iq.linkedin.com/jobs/view/project-assistant-national-position-at-avsi-mo%C3%A7ambique-4439012739,Project Assistant (National Position),,scraped,2026-07-10T11:25:42.125235,
9db122e20148a657,https://iq.linkedin.com/jobs/view/project-manager-at-imaker-group-4435953973,Project Manager,,scraped,2026-07-10T11:25:49.191945,
18571fd73eb8b03e,https://iq.linkedin.com/jobs/view/north-regional-sales-manager-4435962531,North Regional Sales Manager,Haier Electronics Middle East FZE,posted,2026-07-10T11:26:03.480399,235
523412ea6f73aa6d,https://iq.linkedin.com/jobs/view/%D9%85%D8%B9%D8%A7%D9%88%D9%86-%D8%B9%D9%85%D9%8A%D8%AF-%D8%B7%D8%A8-%D8%A7%D9%84%D8%A7%D8%B3%D9%86%D8%A7%D9%86-%D9%84%D9%84%D8%B4%D8%A4%D9%88%D9%86-%D8%A7%D9%84%D8%B9%D9%84%D9%85%D9%8A%D8%A9-at-national-university-of-science-and-technology-iraq-4435663971,معاون عميد طب الاسنان للشؤون العلمية,,scraped,2026-07-10T11:26:15.884897,
5175473f112f1a3e,https://iq.linkedin.com/jobs/view/senior-digital-marketing-supervisor-ai-performance-marketing-at-360-degree-consultancy-4438613865,Senior Digital Marketing Supervisor (AI & Performance Marketing),360 Degree Consultancy,posted,2026-07-10T11:26:34.220436,237
3f2cf7fcf9fbed3b,https://iq.linkedin.com/jobs/view/chief-accountant-sap-experince-at-laith-al-obaidi-motors-4434821931,Chief Accountant - SAP Experince,,scraped,2026-07-10T11:26:40.919764,
d950ddaced2b3db2,https://iq.linkedin.com/jobs/view/senior-general-accountant-at-alnimaa-scientific-bureau-4435666747,Senior General Accountant,,scraped,2026-07-10T11:26:47.986551,
985fab4347c2efad,https://iq.linkedin.com/jobs/view/pr-officer-tablet-4435662349,PR officer /tablet,Dijla for Pharmaceutical Industries,posted,2026-07-10T11:27:08.430135,239
5891ee25466c104c,https://iq.linkedin.com/jobs/view/duty-engineer-at-erbil-arjaan-4434567427,Duty Engineer,,scraped,2026-07-10T11:27:21.047456,
02424427aad7f73c,https://iq.linkedin.com/jobs/view/sales-representative-at-black-star-technology-4435907724,Sales Representative,,scraped,2026-07-10T18:10:09.788674,
da51251d85fa0817,https://iq.linkedin.com/jobs/view/sales-representative-at-%D8%AA%D8%B3%D9%87%D9%8A%D9%84-%D8%A5%D9%83%D8%B3%D8%A8%D8%B1%D9%8A%D8%B3-tas-heel-express-4435956991,Sales Representative,تسهيل إكسبريس - Tas-heel Express,posted,2026-07-10T18:10:50.026296,241
85118524f97f42b7,https://iq.linkedin.com/jobs/view/deputy-site-manager-at-elite-talent-4439045304,Deputy Site Manager,,scraped,2026-07-10T18:10:54.649848,
69d560091604b55b,https://iq.linkedin.com/jobs/view/qa-qc-engineer-welding-fabrication-at-erbil-pioneer-for-supplies-of-oilfield-equipment-ltd-4438627211,QA QC ENGINEER-WELDING & FABRICATION,,scraped,2026-07-10T18:11:08.944150,
4c8aabf7a5e5f740,https://iq.linkedin.com/jobs/view/field-sales-representative-at-digital-future-for-e-payment-services-%D9%85%D8%A8%D8%A7%D8%B4%D8%B1-mubasher-4435675407,Field Sales Representative,Digital Future for E-payment services (مباشر- Mubasher),posted,2026-07-10T18:11:27.834684,243
3bd811c3a3cf8840,https://iq.linkedin.com/jobs/view/forex-consultant-4433761079,Forex Consultant,Forexcity,posted,2026-07-10T18:12:07.102575,245
8e95c9d904feb2c5,https://iq.linkedin.com/jobs/view/certified-surgical-technologist-i-8-hour-shifts-long-island-asc-at-hospital-for-special-surgery-4438844334,Certified Surgical Technologist I - 8 hour Shifts - Long Island ASC,Hospital for Special Surgery,posted,2026-07-10T18:12:25.957103,247
fef4916c04dd8dbf,https://iq.linkedin.com/jobs/view/operations-technician-at-toyota-iraq-4436632486,Operations Technician,,scraped,2026-07-10T23:33:34.631201,
6c6d4788275f2588,https://iq.linkedin.com/jobs/view/project-assistant-national-position-at-avsi-kenya-4437985553,Project Assistant (National Position),,scraped,2026-07-10T23:33:48.025424,
a18a5b0aac5fa01e,https://iq.linkedin.com/jobs/view/pmo-processes-officer-at-zaincash-4437782327,PMO & Processes Officer,ZainCash,posted,2026-07-10T23:34:24.459244,249
da5a0677ef3f4ff6,https://iq.linkedin.com/jobs/view/retail-store-manager-at-istyle-iraq-4387520469,Retail Store Manager,,scraped,2026-07-10T23:34:27.115548,
af8d9f229938f0c9,https://iq.linkedin.com/jobs/view/field-engineer-nextgen-graduate-program-iraq-at-weatherford-4438832684,Field Engineer - NextGen Graduate Program Iraq,Weatherford,posted,2026-07-10T23:34:51.090181,251
d44b0bcdcd7ab910,https://iq.linkedin.com/jobs/view/marketing-manager-at-hiwa-rauf-for-investment-and-development-4438655584,Marketing Manager,,scraped,2026-07-10T23:34:53.516007,
5f110c72eb75d7c6,https://iq.linkedin.com/jobs/view/retail-sales-executive-at-istyle-iraq-4387511782,Retail Sales Executive,,scraped,2026-07-10T23:35:04.025691,
cfe05060f592cfcf,https://iq.linkedin.com/jobs/view/sales-team-lead-iraq-at-traze-4402003074,Sales Team Lead- Iraq,,scraped,2026-07-10T23:35:10.454713,
86a015b01181de24,https://iq.linkedin.com/jobs/view/commercial-manager-at-uruk-dt-4435682232,Commercial Manager,,scraped,2026-07-10T23:35:17.740355,
41af06d33285f7ac,https://iq.linkedin.com/jobs/view/fire-inspector-lead-at-v2x-inc-4433835722,Fire Inspector Lead,V2X Inc,posted,2026-07-10T23:35:47.321927,253
13b12ab09a80070a,https://iq.linkedin.com/jobs/view/deputy-fire-chief-at-v2x-inc-4433831890,Deputy Fire Chief,V2X Inc,posted,2026-07-10T23:36:20.712640,255
039a522f489ee089,https://iq.linkedin.com/jobs/view/legal-supervisor%EF%BC%88iraq%EF%BC%89-4435964557,Legal Supervisor（Iraq）,Haier Electronics Middle East FZE,posted,2026-07-10T23:36:49.097053,257
5e9dc0a3e1975bb6,https://iq.linkedin.com/jobs/view/quality-engineer-at-capgemini-4439311683,Quality Engineer,,scraped,2026-07-10T23:36:51.453107,
37264a3fac18a2f0,https://iq.linkedin.com/jobs/view/open-rank-faculty-psychology-fall-spring-2025-26-at-american-university-of-iraq-baghdad-4313590886,Open Rank Faculty Psychology Fall/Spring 2025-26,الجامعة الأمريكية في بغداد AUIB,posted,2026-07-10T23:37:15.089683,259
146b8c1844c73229,https://iq.linkedin.com/jobs/view/neonatal-intensive-care-nurse-4439357685,Neonatal Intensive Care Nurse,Self-employed,posted,2026-07-10T23:38:08.703873,261
4e683dcb3c52074c,https://iq.linkedin.com/jobs/view/country-manager-iraq-joint-office-at-danish-red-cross-4431694829,Country Manager - Iraq Joint Office,,scraped,2026-07-11T07:23:47.640771,
de8565eb7b7bde31,https://iq.linkedin.com/jobs/view/product-manager-at-kinetic-business-solutions-4435941526,Product Manager,,scraped,2026-07-11T07:24:01.990709,
ea2be5a048f651dd,https://iq.linkedin.com/jobs/view/hr-generalist-admin-specialist-iraq-at-evyap-4411133789,HR Generalist & Admin Specialist - Iraq,,scraped,2026-07-11T07:24:08.974214,
55bfaa61f538cacd,https://iq.linkedin.com/jobs/view/health-and-safety-manager-at-terminal-investment-limited-4436602456,Health And Safety Manager,Terminal Investment Limited,posted,2026-07-11T07:24:37.632307,263
5c4c6b8c2b1fd5ec,https://iq.linkedin.com/jobs/view/sales-specialist-at-skylla-4436662065,Sales Specialist,,scraped,2026-07-11T07:25:02.193343,
3a53573178199ed1,https://iq.linkedin.com/jobs/view/postdoctoral-fellow-position-at-american-autonomic-society-aas-4436650557,POSTDOCTORAL FELLOW POSITION,American Autonomic Society (AAS),posted,2026-07-11T07:25:32.829794,265
2067871fbf3e2dee,https://iq.linkedin.com/jobs/view/solutions-engineer-red-hat-open-shift-linux-and-infrastructure-solutions-at-black-star-technology-4435907734,Solutions Engineer (Red Hat Open Shift/Linux and Infrastructure Solutions),,scraped,2026-07-11T07:25:45.390711,
bded453e2733b674,https://iq.linkedin.com/jobs/view/senior-consultant-tech-risk-iraq-at-ey-4435997251,Senior Consultant - Tech Risk - Iraq,EY,posted,2026-07-11T07:26:28.298619,267
cae07c722ba35ff5,https://iq.linkedin.com/jobs/view/kapcsolat-at-medicalbeauty-hu-4438346319,Kapcsolat,Medicalbeauty.hu,posted,2026-07-11T11:34:07.892178,269
c666016f315fc8b5,https://iq.linkedin.com/jobs/view/dehidrat%C3%A1lt-at-medicalbeauty-hu-4438331783,Dehidratált,Medicalbeauty.hu,posted,2026-07-11T11:34:23.380657,271
193e570792a34202,https://iq.linkedin.com/jobs/view/transportation-coordinator-southwest-asia-at-general-dynamics-information-technology-4439350819,Transportation Coordinator (Southwest Asia),General Dynamics Information Technology,posted,2026-07-11T11:34:43.918051,273
273f5dde4478a6e1,https://iq.linkedin.com/jobs/view/warehouseman-mhe-operator-southwest-asia-at-general-dynamics-information-technology-4439357627,Warehouseman / MHE Operator (Southwest Asia),General Dynamics Information Technology,posted,2026-07-11T11:35:07.160674,275
a0007142586af702,https://iq.linkedin.com/jobs/view/pyp-coordinator-baghdad-at-mz-talent-group-4435324780,PYP Coordinator - Baghdad,,scraped,2026-07-11T11:35:29.763126,
ed0b95f069ab7964,https://iq.linkedin.com/jobs/view/sales-specialist-at-zoomlion-middle-east-4437798389,Sales Specialist,,scraped,2026-07-11T11:35:36.809564,
f942b1d6ae0c36d3,https://iq.linkedin.com/jobs/view/laboratory-instructor-of-anesthesia-technology-at-american-university-of-iraq-baghdad-4371106689,Laboratory Instructor of Anesthesia Technology,الجامعة الأمريكية في بغداد AUIB,posted,2026-07-11T11:36:18.079610,277
f33638b15887d55a,https://iq.linkedin.com/jobs/view/mechanical-engineer-%E2%80%93-automotive-technician-at-ayass-automotive-%D8%A3%D9%8A%D8%A7%D8%B3-%D9%84%D9%84%D8%B3%D9%8A%D8%A7%D8%B1%D8%A7%D8%AA-4436646957,Mechanical Engineer – Automotive Technician,,scraped,2026-07-11T11:36:20.691788,
bb940fe681fb673b,https://iq.linkedin.com/jobs/view/transportation-lead-southwest-asia-at-general-dynamics-information-technology-4439352834,Transportation Lead (Southwest Asia),General Dynamics Information Technology,posted,2026-07-11T11:37:11.320018,279
88fd5e5b236b1fc6,https://iq.linkedin.com/jobs/view/d%C3%A9veloppeur-java-react-at-capgemini-4439300932,Développeur Java / React,,scraped,2026-07-11T11:37:27.707353,
0100d9de41d564ce,https://iq.linkedin.com/jobs/view/environmental-and-social-e-s-manager-at-terminal-investment-limited-4436603518,Environmental and Social (E&S) Manager,Terminal Investment Limited,posted,2026-07-11T11:37:48.359475,281
112b56a5072c0006,https://iq.linkedin.com/jobs/view/cellulit-at-medicalbeauty-hu-4438332870,Cellulit,Medicalbeauty.hu,posted,2026-07-11T11:38:05.647082,283
4b10577e05a7aa72,https://iq.linkedin.com/jobs/view/firefighter-crew-chief-at-v2x-inc-4433842561,Firefighter Crew Chief,V2X Inc,posted,2026-07-11T11:38:26.455962,285
2398aeb073028851,https://iq.linkedin.com/jobs/view/firefighter-crew-chief-at-v2x-inc-4433831860,Firefighter Crew Chief,V2X Inc,scraped,2026-07-11T11:38:30.611656,
f5aac031a8527f66,https://iq.linkedin.com/jobs/view/firefighter-crew-chief-at-v2x-inc-4433828971,Firefighter Crew Chief,V2X Inc,scraped,2026-07-11T11:38:34.787430,
4a777a784fd2b0b0,https://iq.linkedin.com/jobs/view/technician-at-sardar-group-4439553114,Technician,,scraped,2026-07-11T11:38:37.454570,
8b54381ab27a6471,https://iq.linkedin.com/jobs/view/sales-officer-food-baghdad-at-baly-4434526201,Sales Officer (Food) - Baghdad,,scraped,2026-07-11T15:34:33.237349,
6ce01825c842caf7,https://iq.linkedin.com/jobs/view/project-assistant-national-position-at-avsi-ecuador-4435979823,Project Assistant (National Position),,scraped,2026-07-11T15:34:53.937037,
00b3c423c5919b0e,https://iq.linkedin.com/jobs/view/sales-representative-at-varsa-company-4436676640,Sales Representative,,scraped,2026-07-11T15:35:30.471052,
30842bf01ae2b823,https://iq.linkedin.com/jobs/view/commission-sales-associate-at-alnoor-consultants-limited-4436661588,Commission Sales Associate,ALNOOR CONSULTANTS LIMITED,posted,2026-07-11T15:36:08.282816,287
ee815ac605340a9c,https://iq.linkedin.com/jobs/view/szeborre%C3%A1s-at-medicalbeauty-hu-4438327928,Szeborreás,Medicalbeauty.hu,posted,2026-07-11T15:36:35.292045,289
0f14217e63b8d1e5,https://iq.linkedin.com/jobs/view/personal-assistant-at-enab-rooftop-4435692225,Personal Assistant,Enab Rooftop,posted,2026-07-11T18:40:17.626616,291
30bc89c10d6af7aa,https://iq.linkedin.com/jobs/view/content-creator-planner-at-brodmann-4436679690,Content Creator & Planner,,scraped,2026-07-11T18:40:36.276110,
2f6b8b5b9f5edb06,https://iq.linkedin.com/jobs/view/marketing-operations-coordinator-at-region-trade-bank-4439549485,Marketing Operations Coordinator,,scraped,2026-07-11T18:40:43.185271,
e527c6f41ff8ca3b,https://iq.linkedin.com/jobs/view/bilingual-social-media-manager-ai-trainer-at-dataannotation-4364644848,Bilingual Social Media Manager - AI Trainer,DataAnnotation,posted,2026-07-11T18:40:57.005938,293
38a6263b943ccde3,https://iq.linkedin.com/jobs/view/odoo-implement-senior-at-tamm-it-international-4436667943,Odoo implement senior,TAMM IT INTERNATIONAL,posted,2026-07-11T18:41:34.862067,295
03b774703da6ccfb,https://iq.linkedin.com/jobs/view/aftersales-manager-automotive-at-laith-al-obaidi-motors-4436652967,Aftersales Manager-  Automotive,,scraped,2026-07-11T18:41:41.543281,
25ff97de5209e75a,https://iq.linkedin.com/jobs/view/dmt-at-sardar-group-4439545374,DMT,,scraped,2026-07-11T18:42:18.140845,
1dca57a1816006a7,https://iq.linkedin.com/jobs/view/air-conditioner-product-specialist-4435966418,Air Conditioner Product Specialist,Haier Electronics Middle East FZE,posted,2026-07-11T18:42:42.849911,297
